
-- phpMyAdmin SQL Dump
-- version 4.7.7
-- https://www.phpmyadmin.net/
--
-- Hôte : localhost
-- Généré le :  ven. 05 avr. 2019 à 13:03
-- Version du serveur :  5.6.38
-- Version de PHP :  7.2.1

SET SQL_MODE = "NO_AUTO_VALUE_ON_ZERO";
SET time_zone = "+00:00";

--
-- Base de données :  `vino16628`
--

-- --------------------------------------------------------

--
-- Structure de la table `vino__bouteille`
--

CREATE TABLE `vino__bouteille` (
  `id_bouteille` int(11) NOT NULL,
  `id_cellier` int(11) NOT NULL,
  `nom` varchar(200) DEFAULT NULL,
  `image` varchar(200) DEFAULT NULL,
  `code_saq` varchar(50) DEFAULT NULL,
  `pays` varchar(50) DEFAULT NULL,
  `description` varchar(200) DEFAULT NULL,
  `url_saq` varchar(200) DEFAULT NULL,
  `url_img` varchar(200) DEFAULT NULL,
  `format` varchar(20) DEFAULT NULL,
  `date_achat` date DEFAULT NULL,
  `garde_jusqua` varchar(200) DEFAULT NULL,
  `notes` varchar(200) DEFAULT NULL,
  `prix` float DEFAULT NULL,
  `quantite` int(11) DEFAULT NULL,
  `millesime` int(11) DEFAULT NULL,
  `type` int(11) DEFAULT NULL
) ENGINE=InnoDB DEFAULT CHARSET=utf8;

--
-- Déchargement des données de la table `vino__bouteille`
--

INSERT INTO `vino__bouteille` (`id_bouteille`, `id_cellier`, `nom`, `image`, `code_saq`, `pays`, `description`, `url_saq`, `url_img`, `format`, `date_achat`, `garde_jusqua`, `notes`, `prix`, `quantite`, `millesime`, `type`) VALUES
(5, 6, 'Bouteille julien 1', '//s7d9.scene7.com/is/image/SAQ/13774945_is?$saq%2Dprod%2Dtra$', NULL, 'France', 'Vin rouge julien', NULL, '', '75ml', '2019-03-05', '4ans', 'fromage', 20, 2, 2010, 1),
(6, 7, 'Bouteille julien 2', '//s7d9.scene7.com/is/image/SAQ/13774945_is?$saq%2Dprod%2Dtra$', NULL, 'France', 'vin blanc ', NULL, '', '75ml', '2019-03-11', '5ans', 'poisson', 34, 20, 2000, 2),
(8, 15, 'Monasterio de Las Vinas Gran Reserva bla bla bla bla bla bla bla', '', '10359156', 'Espagne', NULL, 'https://www.saq.com/page/fr/saqcom/vin-rouge/monasterio-de-las-vinas-gran-reserva/10359156', '//s7d9.scene7.com/is/image/SAQ/10359156_is?$saq-rech-prod-gril$', ' 750 ml', '2019-04-11', '', '', 19, 1, 0, 1),
(9, 16, 'Taurino Riserva Salice Salentino 2010', '', '00411892', 'Italie', NULL, 'https://www.saq.com/page/fr/saqcom/vin-rouge/taurino-riserva-salice-salentino-2010/411892', '//s7d9.scene7.com/is/image/SAQ/00411892_is?$saq-rech-prod-gril$', '750 ml', '2019-04-04', '', '', 16.95, 1, 2010, 1),
(11, 15, 'Taurino Riserva Salice Salentino 2010', '', '00411892', 'Italie', NULL, 'https://www.saq.com/page/fr/saqcom/vin-rouge/taurino-riserva-salice-salentino-2010/411892', '//s7d9.scene7.com/is/image/SAQ/00411892_is?$saq-rech-prod-gril$', '750 ml', '2019-04-12', '', '', 16.95, 1, 0, 1),
(12, 15, 'Farnese Vini Vigneti del Salento Vani...', '', '13575807', 'Italie', NULL, 'https://www.saq.com/page/fr/saqcom/vin-rouge/farnese-vini-vigneti-del-salento-vanita-primitivo-puglia/13575807', '//s7d9.scene7.com/is/image/SAQ/13575807_is?$saq-rech-prod-gril$', '750 ml', '2019-04-20', '', '', 15.2, 1, 0, 1);

-- --------------------------------------------------------

--
-- Structure de la table `vino__bouteille__saq`
--

CREATE TABLE `vino__bouteille__saq` (
  `id_bouteille_saq` int(11) NOT NULL,
  `nom` varchar(200) DEFAULT NULL,
  `image` varchar(200) DEFAULT NULL,
  `code_saq` varchar(50) DEFAULT NULL,
  `pays` varchar(50) DEFAULT NULL,
  `description` varchar(200) DEFAULT NULL,
  `prix_saq` float DEFAULT NULL,
  `url_saq` varchar(200) DEFAULT NULL,
  `url_img` varchar(200) DEFAULT NULL,
  `format` varchar(20) DEFAULT NULL,
  `type` int(11) DEFAULT NULL
) ENGINE=InnoDB DEFAULT CHARSET=utf8;

--
-- Déchargement des données de la table `vino__bouteille__saq`
--

INSERT INTO `vino__bouteille__saq` (`id_bouteille_saq`, `nom`, `image`, `code_saq`, `pays`, `description`, `prix_saq`, `url_saq`, `url_img`, `format`, `type`) VALUES
(629, 'Taurino Riserva Salice Salentino 2010', NULL, '00411892', 'Italie', NULL, 16.95, 'https://www.saq.com/page/fr/saqcom/vin-rouge/taurino-riserva-salice-salentino-2010/411892', '//s7d9.scene7.com/is/image/SAQ/00411892_is?$saq-rech-prod-gril$', '750 ml', 1),
(630, 'Mezzacorona Teroldego Rotaliano Reserva 2014', NULL, '00964593', 'Italie', NULL, 17.55, 'https://www.saq.com/page/fr/saqcom/vin-rouge/mezzacorona-teroldego-rotaliano-reserva-2014/964593', '//s7d9.scene7.com/is/image/SAQ/00964593_is?$saq-rech-prod-gril$', '750 ml', 1),
(631, 'Alois Lageder Pinot Bianco 2017', NULL, '12057004', 'Italie', NULL, 19.6, 'https://www.saq.com/page/fr/saqcom/vin-blanc/alois-lageder-pinot-bianco-2017/12057004', '//s7d9.scene7.com/is/image/SAQ/12057004_is?$saq-rech-prod-gril$', '750 ml', 2),
(632, 'I Greppi Greppicante 2017', NULL, '11191826', 'Italie', NULL, 20.75, 'https://www.saq.com/page/fr/saqcom/vin-rouge/i-greppi-greppicante-2017/11191826', '//s7d9.scene7.com/is/image/SAQ/11191826_is?$saq-rech-prod-gril$', '750 ml', 1),
(633, 'Guado Al Tasso Il Bruciato 2017', NULL, '11347018', 'Italie', NULL, 24.95, 'https://www.saq.com/page/fr/saqcom/vin-rouge/guado-al-tasso-il-bruciato-2017/11347018', '//s7d9.scene7.com/is/image/SAQ/11347018_is?$saq-rech-prod-gril$', '750 ml', 1),
(634, 'Tenuta Perano Chianti Classico 2015', NULL, '13860270', 'Italie', NULL, 25, 'https://www.saq.com/page/fr/saqcom/vin-rouge/tenuta-perano-chianti-classico-2015/13860270', '//s7d9.scene7.com/is/image/SAQ/13860270_is?$saq-rech-prod-gril$', '750 ml', 1),
(635, 'Oak Valley Stone & Steel Riesling 2018', NULL, '13572067', 'Afrique du Sud', NULL, 17.8, 'https://www.saq.com/page/fr/saqcom/vin-blanc/oak-valley-stone--steel-riesling-2018/13572067', '//s7d9.scene7.com/is/image/SAQ/13572067_is?$saq-rech-prod-gril$', '750 ml', 2),
(636, 'Domäne Wachau Grüner Veltliner Selection 2017', NULL, '13750089', 'Autriche', NULL, 19.55, 'https://www.saq.com/page/fr/saqcom/vin-blanc/domane-wachau-gruner-veltliner-selection-2017/13750089', '//s7d9.scene7.com/is/image/SAQ/13750089_is?$saq-rech-prod-gril$', '750 ml', 2),
(637, 'Shepherds Mark Alexandria Nicole Cellars 2016', NULL, '13864203', 'États-Unis', NULL, 26, 'https://www.saq.com/page/fr/saqcom/vin-blanc/shepherds-mark-alexandria-nicole-cellars-2016/13864203', '//s7d9.scene7.com/is/image/SAQ/13864203_is?$saq-rech-prod-gril$', '750 ml', 2),
(638, 'LangeTwins Estate Chenin Blanc 2017', NULL, '13919930', 'États-Unis', NULL, 25, 'https://www.saq.com/page/fr/saqcom/vin-blanc/langetwins-estate-chenin-blanc-2017/13919930', '//s7d9.scene7.com/is/image/SAQ/13919930_is?$saq-rech-prod-gril$', '750 ml', 2),
(639, 'Maison Champy Pouilly-Fuissé 2016', NULL, '13920965', 'France', NULL, 37.25, 'https://www.saq.com/page/fr/saqcom/vin-blanc/maison-champy-pouilly-fuisse-2016/13920965', '//s7d9.scene7.com/is/image/SAQ/13920965_is?$saq-rech-prod-gril$', '750 ml', 2),
(640, 'Samuel Billaud Bourgogne D\'Or 2016', NULL, '13968176', 'France', NULL, 27.6, 'https://www.saq.com/page/fr/saqcom/vin-blanc/samuel-billaud-bourgogne-dor-2016/13968176', '//s7d9.scene7.com/is/image/SAQ/13968176_is?$saq-rech-prod-gril$', '750 ml', 2),
(641, 'Domaine de Majas Côtes Catalanes 2017', NULL, '13993241', 'France', NULL, 20.95, 'https://www.saq.com/page/fr/saqcom/vin-blanc/domaine-de-majas-cotes-catalanes-2017/13993241', '//s7d9.scene7.com/is/image/SAQ/13993241_is?$saq-rech-prod-gril$', '750 ml', 2),
(642, 'Domaine de Grangeneuve Les Dames Blan... 2016', NULL, '13945142', 'France', NULL, 20.4, 'https://www.saq.com/page/fr/saqcom/vin-blanc/domaine-de-grangeneuve-les-dames-blanches-du-sud-2016/13945142', '//s7d9.scene7.com/is/image/SAQ/13945142_is?$saq-rech-prod-gril$', '750 ml', 2),
(643, 'Fattoria San Donato Vernaccia Di San ... 2017', NULL, '13675429', 'Italie', NULL, 19.45, 'https://www.saq.com/page/fr/saqcom/vin-blanc/fattoria-san-donato-vernaccia-di-san-gimignano-2017/13675429', '//s7d9.scene7.com/is/image/SAQ/13675429_is?$saq-rech-prod-gril$', '750 ml', 2),
(644, 'Cantina Girlan 448 Alto Adige 2017', NULL, '13916780', 'Italie', NULL, 19.7, 'https://www.saq.com/page/fr/saqcom/vin-blanc/cantina-girlan-448-alto-adige-2017/13916780', '//s7d9.scene7.com/is/image/SAQ/13916780_is?$saq-rech-prod-gril$', '750 ml', 2),
(645, 'Burg Ravensburg Pinot Noir 2016', NULL, '13859501', 'Allemagne', NULL, 24.55, 'https://www.saq.com/page/fr/saqcom/vin-rouge/burg-ravensburg-pinot-noir-2016/13859501', '//s7d9.scene7.com/is/image/SAQ/13859501_is?$saq-rech-prod-gril$', '750 ml', 1),
(646, 'San Gregorio Papa Luna Calatayud 2015', NULL, '13942152', 'Espagne', NULL, 21.25, 'https://www.saq.com/page/fr/saqcom/vin-rouge/san-gregorio-papa-luna-calatayud-2015/13942152', '//s7d9.scene7.com/is/image/SAQ/13942152_is?$saq-rech-prod-gril$', '750 ml', 1),
(647, 'Criss Cross Petite Sirah 2015', NULL, '13915517', 'États-Unis', NULL, 24.25, 'https://www.saq.com/page/fr/saqcom/vin-rouge/criss-cross-petite-sirah-2015/13915517', '//s7d9.scene7.com/is/image/SAQ/13915517_is?$saq-rech-prod-gril$', '750 ml', 1),
(648, 'Bonterra Equinox 2017', NULL, '13920033', 'États-Unis', NULL, 25, 'https://www.saq.com/page/fr/saqcom/vin-rouge/bonterra-equinox-2017/13920033', '//s7d9.scene7.com/is/image/SAQ/13920033_is?$saq-rech-prod-gril$', '750 ml', 1),
(649, 'Château Magnol Haut-Médoc Cru Bourgeois 2015', NULL, '13830839', 'France', NULL, 28, 'https://www.saq.com/page/fr/saqcom/vin-rouge/chateau-magnol-haut-medoc-cru-bourgeois-2015/13830839', '//s7d9.scene7.com/is/image/SAQ/13830839_is?$saq-rech-prod-gril$', '750 ml', 1),
(650, 'Château Le Coteau Margaux 2012', NULL, '13877098', 'France', NULL, 39.5, 'https://www.saq.com/page/fr/saqcom/vin-rouge/chateau-le-coteau-margaux-2012/13877098', '//s7d9.scene7.com/is/image/SAQ/13877098_is?$saq-rech-prod-gril$', '750 ml', 1),
(651, 'Lilac Wine Jeff Carrel Côtes du Rouss... 2017', NULL, '13980511', 'France', NULL, 22, 'https://www.saq.com/page/fr/saqcom/vin-rouge/lilac-wine-jeff-carrel-cotes-du-roussillon-villages-2017/13980511', '//s7d9.scene7.com/is/image/SAQ/13980511_is?$saq-rech-prod-gril$', '750 ml', 1),
(652, 'Cantine di Gambellara Monopolio Colli... 2015', NULL, '13887886', 'Italie', NULL, 19.05, 'https://www.saq.com/page/fr/saqcom/vin-rouge/cantine-di-gambellara-monopolio-colli-berici-rosso-2015/13887886', '//s7d9.scene7.com/is/image/SAQ/13887886_is?$saq-rech-prod-gril$', '750 ml', 1),
(653, 'Monte Cascas Beira Interior Colheita 2017', NULL, '13950161', 'Portugal', NULL, 17, 'https://www.saq.com/page/fr/saqcom/vin-rouge/monte-cascas-beira-interior-colheita-2017/13950161', '//s7d9.scene7.com/is/image/SAQ/13950161_is?$saq-rech-prod-gril$', '750 ml', 1),
(654, '\'\'M\'\' Montepulciano-d\'Abruzzo', NULL, '00518712', 'Italie', NULL, 9.65, 'https://www.saq.com/page/fr/saqcom/vin-rouge/m-montepulciano-dabruzzo/518712', '//s7d9.scene7.com/is/image/SAQ/00518712_is?$saq-rech-prod-gril$', '1 L', 1),
(655, '1000 Stories Zinfandel 2016', NULL, '13584455', 'États-Unis', NULL, 28.6, 'https://www.saq.com/page/fr/saqcom/vin-rouge/1000-stories-zinfandel-2016/13584455', '//s7d9.scene7.com/is/image/SAQ/13584455_is?$saq-rech-prod-gril$', '750 ml', 1),
(656, '14 Hands Hot to Trot Red Blend', NULL, '12245611', 'États-Unis', NULL, 15.95, 'https://www.saq.com/page/fr/saqcom/vin-rouge/14-hands-hot-to-trot-red-blend/12245611', '//s7d9.scene7.com/is/image/SAQ/12245611_is?$saq-rech-prod-gril$', '750 ml', 1),
(657, '14 Hands Pinot Grigio', NULL, '13876271', 'États-Unis', NULL, 14.95, 'https://www.saq.com/page/fr/saqcom/vin-blanc/14-hands-pinot-grigio/13876271', '//s7d9.scene7.com/is/image/SAQ/13876271_is?$saq-rech-prod-gril$', '750 ml', 2),
(658, '14 Hands Winery Cabernet-Sauvignon Co...', NULL, '13876247', 'États-Unis', NULL, 15.95, 'https://www.saq.com/page/fr/saqcom/vin-rouge/14-hands-winery-cabernet-sauvignon-columbia-valley/13876247', '//s7d9.scene7.com/is/image/SAQ/13876247_is?$saq-rech-prod-gril$', '750 ml', 1),
(659, '19 Crimes', NULL, '12073995', 'Australie', NULL, 18.9, 'https://www.saq.com/page/fr/saqcom/vin-rouge/19-crimes/12073995', '//s7d9.scene7.com/is/image/SAQ/12073995_is?$saq-rech-prod-gril$', '750 ml', 1),
(660, '19 Crimes Cabernet-Sauvignon', NULL, '12824197', 'Australie', NULL, NULL, 'https://www.saq.com/page/fr/saqcom/vin-rouge/19-crimes-cabernet-sauvignon/12824197', '//s7d9.scene7.com/is/image/SAQ/12824197_is?$saq-rech-prod-gril$', '750 ml', 1),
(661, '19 Crimes Hard Chard Chardonnay Austr...', NULL, '13624710', 'Australie', NULL, 17.95, 'https://www.saq.com/page/fr/saqcom/vin-blanc/19-crimes-hard-chard-chardonnay-australie/13624710', '//s7d9.scene7.com/is/image/SAQ/13624710_is?$saq-rech-prod-gril$', '750 ml', 2),
(662, '4 Kilos Gallinas y Focas 2015', NULL, '13903479', 'Espagne', NULL, 35.75, 'https://www.saq.com/page/fr/saqcom/vin-rouge/4-kilos-gallinas-y-focas-2015/13903479', '//s7d9.scene7.com/is/image/SAQ/13903479_is?$saq-rech-prod-gril$', '750 ml', 1),
(663, '6 Degrees Red Blend', NULL, '13234738', 'États-Unis', NULL, 11.85, 'https://www.saq.com/page/fr/saqcom/vin-rouge/6-degrees-red-blend/13234738', '//s7d9.scene7.com/is/image/SAQ/13234738_is?$saq-rech-prod-gril$', '750 ml', 1),
(664, '6th Sense Syrah 2016', NULL, '11409371', 'États-Unis', NULL, 23.25, 'https://www.saq.com/page/fr/saqcom/vin-rouge/6th-sense-syrah-2016/11409371', '//s7d9.scene7.com/is/image/SAQ/11409371_is?$saq-rech-prod-gril$', '750 ml', 1),
(665, '7 Deadly Zins 2016', NULL, '11383473', 'États-Unis', NULL, 23.65, 'https://www.saq.com/page/fr/saqcom/vin-rouge/7-deadly-zins-2016/11383473', '//s7d9.scene7.com/is/image/SAQ/11383473_is?$saq-rech-prod-gril$', '750 ml', 1),
(666, 'A Mandria di Signadore Patrimonio 2016', NULL, '11908161', 'France', NULL, 42.25, 'https://www.saq.com/page/fr/saqcom/vin-rouge/a-mandria-di-signadore-patrimonio-2016/11908161', '//s7d9.scene7.com/is/image/SAQ/11908161_is?$saq-rech-prod-gril$', '750 ml', 1),
(667, 'A&D Wines Espinhosos 2017', NULL, '13115069', 'Portugal', NULL, 18.2, 'https://www.saq.com/page/fr/saqcom/vin-blanc/ad-wines-espinhosos-2017/13115069', '//s7d9.scene7.com/is/image/SAQ/13115069_is?$saq-rech-prod-gril$', '750 ml', 2),
(668, 'A.A. Badenhorst Curator 2017', NULL, '12819435', 'Afrique du Sud', NULL, 13.35, 'https://www.saq.com/page/fr/saqcom/vin-rouge/aa-badenhorst-curator-2017/12819435', '//s7d9.scene7.com/is/image/SAQ/12819435_is?$saq-rech-prod-gril$', '750 ml', 1),
(669, 'A.A. Badenhorst Family Red Blend 2016', NULL, '12275298', 'Afrique du Sud', NULL, 41.5, 'https://www.saq.com/page/fr/saqcom/vin-rouge/aa-badenhorst-family-red-blend-2016/12275298', '//s7d9.scene7.com/is/image/SAQ/12275298_is?$saq-rech-prod-gril$', '750 ml', 1),
(670, 'A.A. Badenhorst Family White Blend 2016', NULL, '12532514', 'Afrique du Sud', NULL, 41.5, 'https://www.saq.com/page/fr/saqcom/vin-blanc/aa-badenhorst-family-white-blend-2016/12532514', '//s7d9.scene7.com/is/image/SAQ/12532514_is?$saq-rech-prod-gril$', '750 ml', 2),
(671, 'A.A. Badenhorst The Curator 2018', NULL, '12889126', 'Afrique du Sud', NULL, 13.35, 'https://www.saq.com/page/fr/saqcom/vin-blanc/aa-badenhorst-the-curator-2018/12889126', '//s7d9.scene7.com/is/image/SAQ/12889126_is?$saq-rech-prod-gril$', '750 ml', 2),
(672, 'A.de Luze, Fleur de Sauvignon', NULL, '12206971', 'France', NULL, 13.5, 'https://www.saq.com/page/fr/saqcom/vin-blanc/ade-luze-fleur-de-sauvignon/12206971', '//s7d9.scene7.com/is/image/SAQ/12206971_is?$saq-rech-prod-gril$', '750 ml', 2),
(673, 'Accolade Wines Batch X Shiraz 2016', NULL, '13879923', 'Australie', NULL, 20, 'https://www.saq.com/page/fr/saqcom/vin-rouge/accolade-wines-batch-x-shiraz-2016/13879923', '//s7d9.scene7.com/is/image/SAQ/13879923_is?$saq-rech-prod-gril$', '750 ml', 1),
(674, 'Adega de Pegões Colheita Seleccionada', NULL, '10838801', 'Portugal', NULL, 12.55, 'https://www.saq.com/page/fr/saqcom/vin-blanc/adega-de-pegoes-colheita-seleccionada/10838801', '//s7d9.scene7.com/is/image/SAQ/10838801_is?$saq-rech-prod-gril$', '750 ml', 2),
(675, 'Adega De Pegões Colheita Seleccionada... 2014', NULL, '13679892', 'Portugal', NULL, 16.55, 'https://www.saq.com/page/fr/saqcom/vin-rouge/adega-de-pegoes-colheita-seleccionada-tinto-palmela-2014/13679892', '//s7d9.scene7.com/is/image/SAQ/13679892_is?$saq-rech-prod-gril$', '750 ml', 1),
(676, 'Adega de Penalva Dao 2017', NULL, '12728904', 'Portugal', NULL, 11.8, 'https://www.saq.com/page/fr/saqcom/vin-blanc/adega-de-penalva-dao-2017/12728904', '//s7d9.scene7.com/is/image/SAQ/12728904_is?$saq-rech-prod-gril$', '750 ml', 2),
(677, 'Adega de Penalva Dao', NULL, '13746485', 'Portugal', NULL, 12.1, 'https://www.saq.com/page/fr/saqcom/vin-rouge/adega-de-penalva-dao/13746485', '//s7d9.scene7.com/is/image/SAQ/13746485_is?$saq-rech-prod-gril$', '750 ml', 1),
(678, 'Adorada Pinot Grigio 2017', NULL, '13920236', 'États-Unis', NULL, 23.4, 'https://www.saq.com/page/fr/saqcom/vin-blanc/adorada-pinot-grigio-2017/13920236', '//s7d9.scene7.com/is/image/SAQ/13920236_is?$saq-rech-prod-gril$', '750 ml', 2),
(679, 'Agathe Bursin Strangenberg Pinot noir... 2016', NULL, '13998404', 'France', NULL, 44.75, 'https://www.saq.com/page/fr/saqcom/vin-rouge/agathe-bursin-strangenberg-pinot-noir-alsace-2016/13998404', '//s7d9.scene7.com/is/image/SAQ/13998404_is?$saq-rech-prod-gril$', '750 ml', 1),
(680, 'Agora du Château des Places Graves Agora 2016', NULL, '13822441', 'France', NULL, 40.75, 'https://www.saq.com/page/fr/saqcom/vin-blanc/agora-du-chateau-des-places-graves-agora-2016/13822441', '//s7d9.scene7.com/is/image/SAQ/13822441_is?$saq-rech-prod-gril$', '750 ml', 2),
(681, 'Agricola Falset-Marca Ètim El Viatge ... 2014', NULL, '13800752', 'Espagne', NULL, 17.8, 'https://www.saq.com/page/fr/saqcom/vin-rouge/agricola-falset-marca-etim-el-viatge-montsant-2014/13800752', '//s7d9.scene7.com/is/image/SAQ/13800752_is?$saq-rech-prod-gril$', '750 ml', 1),
(682, 'Aix Rosé 2017', NULL, '13465114', 'France', NULL, 20.3, 'https://www.saq.com/page/fr/saqcom/vin-rose/aix-rose-2017/13465114', '//s7d9.scene7.com/is/image/SAQ/13465114_is?$saq-rech-prod-gril$', '750 ml', 3),
(683, 'Akarua Rua Pinot Gris 2017', NULL, '13915816', 'Nouvelle-Zélande', NULL, 25, 'https://www.saq.com/page/fr/saqcom/vin-blanc/akarua-rua-pinot-gris-2017/13915816', '//s7d9.scene7.com/is/image/SAQ/13915816_is?$saq-rech-prod-gril$', '750 ml', 2),
(684, 'Akarua Rua Pinot Noir 2017', NULL, '12205100', 'Nouvelle-Zélande', NULL, 27.95, 'https://www.saq.com/page/fr/saqcom/vin-rouge/akarua-rua-pinot-noir-2017/12205100', '//s7d9.scene7.com/is/image/SAQ/12205100_is?$saq-rech-prod-gril$', '750 ml', 1),
(685, 'Alain Brumont La Gascogne', NULL, '13950347', 'France', NULL, 42.9, 'https://www.saq.com/page/fr/saqcom/vin-blanc/alain-brumont-la-gascogne/13950347', '//s7d9.scene7.com/is/image/SAQ/13950347_is?$saq-rech-prod-gril$', '3 L', 2),
(686, 'Alain Chavy Puligny Montrachet 2016', NULL, '13536277', 'France', NULL, 88.25, 'https://www.saq.com/page/fr/saqcom/vin-blanc/alain-chavy-puligny-montrachet-2016/13536277', '//s7d9.scene7.com/is/image/SAQ/13536277_is?$saq-rech-prod-gril$', '750 ml', 2),
(687, 'Alain Lorieux Chinon Expression 2016', NULL, '00873257', 'France', NULL, 19.8, 'https://www.saq.com/page/fr/saqcom/vin-rouge/alain-lorieux-chinon-expression-2016/873257', '//s7d9.scene7.com/is/image/SAQ/00873257_is?$saq-rech-prod-gril$', '750 ml', 1),
(688, 'Albert Bichot Bourgogne Aligoté', NULL, '00130724', 'France', NULL, 15.9, 'https://www.saq.com/page/fr/saqcom/vin-blanc/albert-bichot-bourgogne-aligote/130724', '//s7d9.scene7.com/is/image/SAQ/00130724_is?$saq-rech-prod-gril$', '750 ml', 2),
(689, 'Albert Bichot Bourgogne Gamay', NULL, '12990371', 'France', NULL, 16.55, 'https://www.saq.com/page/fr/saqcom/vin-rouge/albert-bichot-bourgogne-gamay/12990371', '//s7d9.scene7.com/is/image/SAQ/12990371_is?$saq-rech-prod-gril$', '750 ml', 1),
(690, 'Albert Bichot Bourgogne Pinot Noir Se... 2016', NULL, '11153281', 'France', NULL, 25, 'https://www.saq.com/page/fr/saqcom/vin-rouge/albert-bichot-bourgogne-pinot-noir-secret-de-famille-2016/11153281', '//s7d9.scene7.com/is/image/SAQ/11153281_is?$saq-rech-prod-gril$', '750 ml', 1),
(691, 'Albert Bichot Chablis', NULL, '00017897', 'France', NULL, 24.75, 'https://www.saq.com/page/fr/saqcom/vin-blanc/albert-bichot-chablis/17897', '//s7d9.scene7.com/is/image/SAQ/00017897_is?$saq-rech-prod-gril$', '750 ml', 2),
(692, 'Albert Bichot Chablis 2017', NULL, '00027102', 'France', NULL, 14.35, 'https://www.saq.com/page/fr/saqcom/vin-blanc/albert-bichot-chablis-2017/27102', '//s7d9.scene7.com/is/image/SAQ/00027102_is?$saq-rech-prod-gril$', '375 ml', 2),
(693, 'Albert Bichot Chardonnay Vieilles Vignes', NULL, '10845357', 'France', NULL, 17.9, 'https://www.saq.com/page/fr/saqcom/vin-blanc/albert-bichot-chardonnay-vieilles-vignes/10845357', '//s7d9.scene7.com/is/image/SAQ/10845357_is?$saq-rech-prod-gril$', '750 ml', 2),
(694, 'Albert Bichot Coteaux Bourguignons', NULL, '12206997', 'France', NULL, 14.95, 'https://www.saq.com/page/fr/saqcom/vin-rouge/albert-bichot-coteaux-bourguignons/12206997', '//s7d9.scene7.com/is/image/SAQ/12206997_is?$saq-rech-prod-gril$', '750 ml', 1),
(695, 'Albert Bichot Horizon De Bichot Pinot... 2016', NULL, '13922080', 'France', NULL, 20, 'https://www.saq.com/page/fr/saqcom/vin-rouge/albert-bichot-horizon-de-bichot-pinot-noir-2016/13922080', '//s7d9.scene7.com/is/image/SAQ/13922080_is?$saq-rech-prod-gril$', '750 ml', 1),
(696, 'Albert Bichot Meursault 2015', NULL, '13821502', 'France', NULL, 90, 'https://www.saq.com/page/fr/saqcom/vin-blanc/albert-bichot-meursault-2015/13821502', '//s7d9.scene7.com/is/image/SAQ/13821502_is?$saq-rech-prod-gril$', '750 ml', 2),
(697, 'Albert Bichot Pinot Noir Vieilles Vignes', NULL, '10667474', 'France', NULL, 18.75, 'https://www.saq.com/page/fr/saqcom/vin-rouge/albert-bichot-pinot-noir-vieilles-vignes/10667474', '//s7d9.scene7.com/is/image/SAQ/10667474_is?$saq-rech-prod-gril$', '750 ml', 1),
(698, 'Albert Bichot Pouilly-Fuissé', NULL, '00022871', 'France', NULL, 25.4, 'https://www.saq.com/page/fr/saqcom/vin-blanc/albert-bichot-pouilly-fuisse/22871', '//s7d9.scene7.com/is/image/SAQ/00022871_is?$saq-rech-prod-gril$', '750 ml', 2),
(699, 'Albert Mann Pinot Gris Grand Cru Pfer... 2015', NULL, '14001207', 'France', NULL, 41, 'https://www.saq.com/page/fr/saqcom/vin-blanc/albert-mann-pinot-gris-grand-cru-pfersigberg-2015/14001207', '//s7d9.scene7.com/is/image/SAQ/14001207_is?$saq-rech-prod-gril$', '750 ml', 2),
(700, 'Albert Mann Riesling Grand Cru Furste... 2017', NULL, '14001186', 'France', NULL, 88.25, 'https://www.saq.com/page/fr/saqcom/vin-blanc/albert-mann-riesling-grand-cru-furstentum-2017/14001186', '//s7d9.scene7.com/is/image/SAQ/14001186_is?$saq-rech-prod-gril$', '750 ml', 2),
(701, 'Alceno Hilanda Jumilla Crianza', NULL, '13792406', 'Espagne', NULL, 12.85, 'https://www.saq.com/page/fr/saqcom/vin-rouge/alceno-hilanda-jumilla-crianza/13792406', '//s7d9.scene7.com/is/image/SAQ/13792406_is?$saq-rech-prod-gril$', '750 ml', 1),
(702, 'Alex Gambal Savigny-les-Beaune rouge 2014', NULL, '13903575', 'France', NULL, 56.75, 'https://www.saq.com/page/fr/saqcom/vin-rouge/alex-gambal-savigny-les-beaune-rouge-2014/13903575', '//s7d9.scene7.com/is/image/SAQ/13903575_is?$saq-rech-prod-gril$', '750 ml', 1),
(703, 'Alexandria Nicole Cellars Viognier 2017', NULL, '13864211', 'États-Unis', NULL, 25, 'https://www.saq.com/page/fr/saqcom/vin-blanc/alexandria-nicole-cellars-viognier-2017/13864211', '//s7d9.scene7.com/is/image/SAQ/13864211_is?$saq-rech-prod-gril$', '750 ml', 2),
(704, 'Aliança Foral Reserva 2016', NULL, '11317177', 'Portugal', NULL, 14.05, 'https://www.saq.com/page/fr/saqcom/vin-rouge/alianca-foral-reserva-2016/11317177', '//s7d9.scene7.com/is/image/SAQ/11317177_is?$saq-rech-prod-gril$', '750 ml', 1),
(705, 'Allegrini Corte Giara Valpolicella', NULL, '13190317', 'Italie', NULL, 15.65, 'https://www.saq.com/page/fr/saqcom/vin-rouge/allegrini-corte-giara-valpolicella/13190317', '//s7d9.scene7.com/is/image/SAQ/13190317_is?$saq-rech-prod-gril$', '750 ml', 1),
(706, 'Allegrini Di Fumane', NULL, '13358247', 'Italie', NULL, 15.5, 'https://www.saq.com/page/fr/saqcom/vin-rouge/allegrini-di-fumane/13358247', '//s7d9.scene7.com/is/image/SAQ/13358247_is?$saq-rech-prod-gril$', '750 ml', 1),
(707, 'Allegrini La Bragia Veneto 2015', NULL, '13419441', 'Italie', NULL, 18.6, 'https://www.saq.com/page/fr/saqcom/vin-rouge/allegrini-la-bragia-veneto-2015/13419441', '//s7d9.scene7.com/is/image/SAQ/13419441_is?$saq-rech-prod-gril$', '750 ml', 1),
(708, 'Allegrini Palazzo della Torre 2015', NULL, '00907477', 'Italie', NULL, 23.75, 'https://www.saq.com/page/fr/saqcom/vin-rouge/allegrini-palazzo-della-torre-2015/907477', '//s7d9.scene7.com/is/image/SAQ/00907477_is?$saq-rech-prod-gril$', '750 ml', 1),
(709, 'Alma Ambo Grigio Friuli', NULL, '13692481', 'Italie', NULL, 14.95, 'https://www.saq.com/page/fr/saqcom/vin-blanc/alma-ambo-grigio-friuli/13692481', '//s7d9.scene7.com/is/image/SAQ/13692481_is?$saq-rech-prod-gril$', '750 ml', 2),
(710, 'Alois Lageder Cantina Riff Pinot Grigio 2017', NULL, '13897427', 'Italie', NULL, 15.8, 'https://www.saq.com/page/fr/saqcom/vin-blanc/alois-lageder-cantina-riff-pinot-grigio-2017/13897427', '//s7d9.scene7.com/is/image/SAQ/13897427_is?$saq-rech-prod-gril$', '750 ml', 2),
(711, 'Alois Lageder Pinot Grigio Dolomiti 2017', NULL, '13274131', 'Italie', NULL, 19.95, 'https://www.saq.com/page/fr/saqcom/vin-blanc/alois-lageder-pinot-grigio-dolomiti-2017/13274131', '//s7d9.scene7.com/is/image/SAQ/13274131_is?$saq-rech-prod-gril$', '750 ml', 2),
(712, 'Alpha Box & Dice Tarot 2017', NULL, '13491081', 'Australie', NULL, 22.25, 'https://www.saq.com/page/fr/saqcom/vin-rouge/alpha-box--dice-tarot-2017/13491081', '//s7d9.scene7.com/is/image/SAQ/13491081_is?$saq-rech-prod-gril$', '750 ml', 1),
(713, 'Alpha Estate Axia White 2017', NULL, '12464304', 'Grèce', NULL, 20.25, 'https://www.saq.com/page/fr/saqcom/vin-blanc/alpha-estate-axia-white-2017/12464304', '//s7d9.scene7.com/is/image/SAQ/12464304_is?$saq-rech-prod-gril$', '750 ml', 2),
(714, 'Alpha Estate Hedgehog Xinomavro 2015', NULL, '12941060', 'Grèce', NULL, 23.1, 'https://www.saq.com/page/fr/saqcom/vin-rouge/alpha-estate-hedgehog-xinomavro-2015/12941060', '//s7d9.scene7.com/is/image/SAQ/12941060_is?$saq-rech-prod-gril$', '750 ml', 1),
(715, 'Alpha Estate Rosé 2017', NULL, '13844464', 'Grèce', NULL, 23.8, 'https://www.saq.com/page/fr/saqcom/vin-rose/alpha-estate-rose-2017/13844464', '//s7d9.scene7.com/is/image/SAQ/13844464_is?$saq-rech-prod-gril$', '750 ml', 3),
(716, 'Alphonse Mellot Côte de la Charité Ro... 2015', NULL, '13235811', 'France', NULL, 41.75, 'https://www.saq.com/page/fr/saqcom/vin-rouge/alphonse-mellot-cote-de-la-charite-rouge-les-penitents-2015/13235811', '//s7d9.scene7.com/is/image/SAQ/13235811_is?$saq-rech-prod-gril$', '750 ml', 1),
(717, 'Altano Blanco 2017', NULL, '13859771', 'Portugal', NULL, 15.75, 'https://www.saq.com/page/fr/saqcom/vin-blanc/altano-blanco-2017/13859771', '//s7d9.scene7.com/is/image/SAQ/13859771_is?$saq-rech-prod-gril$', '750 ml', 2),
(718, 'Altesino Rosso Toscana 2016', NULL, '10969763', 'Italie', NULL, 19.45, 'https://www.saq.com/page/fr/saqcom/vin-rouge/altesino-rosso-toscana-2016/10969763', '//s7d9.scene7.com/is/image/SAQ/10969763_is?$saq-rech-prod-gril$', '750 ml', 1),
(719, 'Altolandon Manchuela 2012', NULL, '13485158', 'Espagne', NULL, 25.65, 'https://www.saq.com/page/fr/saqcom/vin-rouge/altolandon-manchuela-2012/13485158', '//s7d9.scene7.com/is/image/SAQ/13485158_is?$saq-rech-prod-gril$', '750 ml', 1),
(720, 'Alvaro Castro Quinta de Pellada Reserva 2016', NULL, '11895364', 'Portugal', NULL, 25.65, 'https://www.saq.com/page/fr/saqcom/vin-blanc/alvaro-castro-quinta-de-pellada-reserva-2016/11895364', '//s7d9.scene7.com/is/image/SAQ/11895364_is?$saq-rech-prod-gril$', '750 ml', 2),
(721, 'Alvaro Palacios Gratallops 2016', NULL, '13501728', 'Espagne', NULL, 65.5, 'https://www.saq.com/page/fr/saqcom/vin-rouge/alvaro-palacios-gratallops-2016/13501728', '//s7d9.scene7.com/is/image/SAQ/13501728_is?$saq-rech-prod-gril$', '750 ml', 1),
(722, 'Ambasciata del Buon Vino Valpolicella... 2016', NULL, '13888272', 'Italie', NULL, 20, 'https://www.saq.com/page/fr/saqcom/vin-rouge/ambasciata-del-buon-vino-valpolicella-classico-2016/13888272', '//s7d9.scene7.com/is/image/SAQ/13888272_is?$saq-rech-prod-gril$', '750 ml', 1),
(723, 'Ambo Nero Provincia di Pavia 2017', NULL, '13487161', 'Italie', NULL, 14.95, 'https://www.saq.com/page/fr/saqcom/vin-rouge/ambo-nero-provincia-di-pavia-2017/13487161', '//s7d9.scene7.com/is/image/SAQ/13487161_is?$saq-rech-prod-gril$', '750 ml', 1),
(724, 'Ampeleia Alicante Costa Toscana 2016', NULL, '13668878', 'Italie', NULL, 38.5, 'https://www.saq.com/page/fr/saqcom/vin-rouge/ampeleia-alicante-costa-toscana-2016/13668878', '//s7d9.scene7.com/is/image/SAQ/13668878_is?$saq-rech-prod-gril$', '750 ml', 1),
(725, 'Anakena Cabernet Sauvignon', NULL, '13284858', 'Chili', NULL, 12.95, 'https://www.saq.com/page/fr/saqcom/vin-rouge/anakena-cabernet-sauvignon/13284858', '//s7d9.scene7.com/is/image/SAQ/13284858_is?$saq-rech-prod-gril$', '750 ml', 1),
(726, 'Angove Family Alternatus Carignan Aus... 2016', NULL, '13699455', 'Australie', NULL, 22.95, 'https://www.saq.com/page/fr/saqcom/vin-rouge/angove-family-alternatus-carignan-australie-2016/13699455', '//s7d9.scene7.com/is/image/SAQ/13699455_is?$saq-rech-prod-gril$', '750 ml', 1),
(727, 'Angry Bunch Zinfandel Lodi 2016', NULL, '13917846', 'États-Unis', NULL, 23.05, 'https://www.saq.com/page/fr/saqcom/vin-rouge/angry-bunch-zinfandel-lodi-2016/13917846', '//s7d9.scene7.com/is/image/SAQ/13917846_is?$saq-rech-prod-gril$', '750 ml', 1),
(728, 'Animus', NULL, '11133239', 'Portugal', NULL, 12.55, 'https://www.saq.com/page/fr/saqcom/vin-rouge/animus/11133239', '//s7d9.scene7.com/is/image/SAQ/11133239_is?$saq-rech-prod-gril$', '750 ml', 1),
(729, 'Anselmi San Vincenzo', NULL, '00585422', 'Italie', NULL, NULL, 'https://www.saq.com/page/fr/saqcom/vin-blanc/anselmi-san-vincenzo/585422', '//s7d9.scene7.com/is/image/SAQ/00585422_is?$saq-rech-prod-gril$', '750 ml', 2),
(730, 'Anselmo Mendes Muros Antigos Alvarinho 2017', NULL, '11612555', 'Portugal', NULL, 22.25, 'https://www.saq.com/page/fr/saqcom/vin-blanc/anselmo-mendes-muros-antigos-alvarinho-2017/11612555', '//s7d9.scene7.com/is/image/SAQ/11612555_is?$saq-rech-prod-gril$', '750 ml', 2),
(731, 'Antinori Peppoli 2016', NULL, '10270928', 'Italie', NULL, 20, 'https://www.saq.com/page/fr/saqcom/vin-rouge/antinori-peppoli-2016/10270928', '//s7d9.scene7.com/is/image/SAQ/10270928_is?$saq-rech-prod-gril$', '750 ml', 1),
(732, 'Antoine Bonet Merlot', NULL, '00447334', 'France', NULL, 48.5, 'https://www.saq.com/page/fr/saqcom/vin-rouge/antoine-bonet-merlot/447334', '//s7d9.scene7.com/is/image/SAQ/00447334_is?$saq-rech-prod-gril$', '4 L', 1),
(733, 'Antoine Moueix La Grande Chapelle Mer...', NULL, '00036012', 'France', NULL, 13.6, 'https://www.saq.com/page/fr/saqcom/vin-rouge/antoine-moueix-la-grande-chapelle-merlot--cabernet-sauvignon/36012', '//s7d9.scene7.com/is/image/SAQ/00036012_is?$saq-rech-prod-gril$', '750 ml', 1),
(734, 'Antoine Simoneau Touraine Sauvignon B... 2017', NULL, '13912295', 'France', NULL, 17.3, 'https://www.saq.com/page/fr/saqcom/vin-blanc/antoine-simoneau-touraine-sauvignon-blanc-2017/13912295', '//s7d9.scene7.com/is/image/SAQ/13912295_is?$saq-rech-prod-gril$', '750 ml', 2),
(735, 'Antonin Rodet Coteaux Bourguignons Gamay', NULL, '13188815', 'France', NULL, 14.55, 'https://www.saq.com/page/fr/saqcom/vin-rouge/antonin-rodet-coteaux-bourguignons-gamay/13188815', '//s7d9.scene7.com/is/image/SAQ/13188815_is?$saq-rech-prod-gril$', '750 ml', 1),
(736, 'Antu Cabernet Sauvignon Carmenère', NULL, '11386885', 'Chili', NULL, 18.3, 'https://www.saq.com/page/fr/saqcom/vin-rouge/antu-cabernet-sauvignon-carmenere/11386885', '//s7d9.scene7.com/is/image/SAQ/11386885_is?$saq-rech-prod-gril$', '750 ml', 1),
(737, 'Apegadas Velha Douro 2015', NULL, '12237347', 'Portugal', NULL, 21.85, 'https://www.saq.com/page/fr/saqcom/vin-rouge/apegadas-velha-douro-2015/12237347', '//s7d9.scene7.com/is/image/SAQ/12237347_is?$saq-rech-prod-gril$', '750 ml', 1),
(738, 'Apex Cellars The Catalyst Red Blend 2016', NULL, '13563857', 'États-Unis', NULL, 27.85, 'https://www.saq.com/page/fr/saqcom/vin-rouge/apex-cellars-the-catalyst-red-blend-2016/13563857', '//s7d9.scene7.com/is/image/SAQ/13563857_is?$saq-rech-prod-gril$', '750 ml', 1),
(739, 'Apothic Dark', NULL, '12740840', 'États-Unis', NULL, 14.95, 'https://www.saq.com/page/fr/saqcom/vin-rouge/apothic-dark/12740840', '//s7d9.scene7.com/is/image/SAQ/12740840_is?$saq-rech-prod-gril$', '750 ml', 1),
(740, 'Apothic Red', NULL, '11315497', 'États-Unis', NULL, 14.95, 'https://www.saq.com/page/fr/saqcom/vin-rouge/apothic-red/11315497', '//s7d9.scene7.com/is/image/SAQ/11315497_is?$saq-rech-prod-gril$', '750 ml', 1),
(741, 'Appétit de France Syrah Grenache', NULL, '12990195', 'France', NULL, 10.7, 'https://www.saq.com/page/fr/saqcom/vin-rouge/appetit-de-france-syrah-grenache/12990195', '//s7d9.scene7.com/is/image/SAQ/12990195_is?$saq-rech-prod-gril$', '1 L', 1),
(742, 'Apriori Sauvignon blanc', NULL, '13317971', 'États-Unis', NULL, 29.55, 'https://www.saq.com/page/fr/saqcom/vin-blanc/apriori-sauvignon-blanc/13317971', '//s7d9.scene7.com/is/image/SAQ/13317971_is?$saq-rech-prod-gril$', '750 ml', 2),
(743, 'Aquinas Cabernet Sauvignon 2017', NULL, '11901832', 'États-Unis', NULL, 24.95, 'https://www.saq.com/page/fr/saqcom/vin-rouge/aquinas-cabernet-sauvignon-2017/11901832', '//s7d9.scene7.com/is/image/SAQ/11901832_is?$saq-rech-prod-gril$', '750 ml', 1),
(744, 'Aranleon Blés Crianza', NULL, '10856427', 'Espagne', NULL, 14.55, 'https://www.saq.com/page/fr/saqcom/vin-rouge/aranleon-bles-crianza/10856427', '//s7d9.scene7.com/is/image/SAQ/10856427_is?$saq-rech-prod-gril$', '750 ml', 1),
(745, 'Arboleda Cabernet-Sauvignon Valle de ...', NULL, '10967434', 'Chili', NULL, 18.95, 'https://www.saq.com/page/fr/saqcom/vin-rouge/arboleda-cabernet-sauvignon-valle-de-aconcagua/10967434', '//s7d9.scene7.com/is/image/SAQ/10967434_is?$saq-rech-prod-gril$', '750 ml', 1),
(746, 'Arboleda Chardonnay 2017', NULL, '11324289', 'Chili', NULL, 19.6, 'https://www.saq.com/page/fr/saqcom/vin-blanc/arboleda-chardonnay-2017/11324289', '//s7d9.scene7.com/is/image/SAQ/11324289_is?$saq-rech-prod-gril$', '750 ml', 2),
(747, 'Arcadian Winery Clos Pepe Vineyard Ch... 2011', NULL, '13916579', 'États-Unis', NULL, 77, 'https://www.saq.com/page/fr/saqcom/vin-blanc/arcadian-winery-clos-pepe-vineyard-chardonnay-2011/13916579', '//s7d9.scene7.com/is/image/SAQ/13916579_is?$saq-rech-prod-gril$', '750 ml', 2),
(748, 'Arch Terrace Syrah Terra Blanca 2014', NULL, '13903727', 'États-Unis', NULL, 25.05, 'https://www.saq.com/page/fr/saqcom/vin-rouge/arch-terrace-syrah-terra-blanca-2014/13903727', '//s7d9.scene7.com/is/image/SAQ/13903727_is?$saq-rech-prod-gril$', '750 ml', 1),
(749, 'Argiolas Turriga 2014', NULL, '13795931', 'Italie', NULL, 78.25, 'https://www.saq.com/page/fr/saqcom/vin-rouge/argiolas-turriga-2014/13795931', '//s7d9.scene7.com/is/image/SAQ/13795931_is?$saq-rech-prod-gril$', '750 ml', 1),
(750, 'Argyros Assyrtiko Santorini 2017', NULL, '11639344', 'Grèce', NULL, 27.5, 'https://www.saq.com/page/fr/saqcom/vin-blanc/argyros-assyrtiko-santorini-2017/11639344', '//s7d9.scene7.com/is/image/SAQ/11639344_is?$saq-rech-prod-gril$', '750 ml', 2),
(751, 'Argyros Atlantis 2017', NULL, '11097477', 'Grèce', NULL, 22.05, 'https://www.saq.com/page/fr/saqcom/vin-blanc/argyros-atlantis-2017/11097477', '//s7d9.scene7.com/is/image/SAQ/11097477_is?$saq-rech-prod-gril$', '750 ml', 2),
(752, 'Armenia Dry White Wine 2017', NULL, '12785175', 'Arménie (République d\')', NULL, 17.85, 'https://www.saq.com/page/fr/saqcom/vin-blanc/armenia-dry-white-wine-2017/12785175', '//s7d9.scene7.com/is/image/SAQ/12785175_is?$saq-rech-prod-gril$', '750 ml', 2),
(753, 'Arnaldo Caprai Anima Umbra Grechetto 2017', NULL, '13747331', 'Italie', NULL, 19.05, 'https://www.saq.com/page/fr/saqcom/vin-blanc/arnaldo-caprai-anima-umbra-grechetto-2017/13747331', '//s7d9.scene7.com/is/image/SAQ/13747331_is?$saq-rech-prod-gril$', '750 ml', 2),
(754, 'Arômes & Vin Pamplemousse', NULL, '12522201', 'France', NULL, 10.5, 'https://www.saq.com/page/fr/saqcom/vin-rose/aromes--vin-pamplemousse/12522201', '//s7d9.scene7.com/is/image/SAQ/12522201_is?$saq-rech-prod-gril$', '750 ml', 0),
(755, 'Art Den Hoed Viognier 2016', NULL, '13339960', 'États-Unis', NULL, 43.75, 'https://www.saq.com/page/fr/saqcom/vin-blanc/art-den-hoed-viognier-2016/13339960', '//s7d9.scene7.com/is/image/SAQ/13339960_is?$saq-rech-prod-gril$', '750 ml', 2),
(756, 'Art Den Hoed Viognier 2017', NULL, '13910097', 'États-Unis', NULL, 39, 'https://www.saq.com/page/fr/saqcom/vin-blanc/art-den-hoed-viognier-2017/13910097', '//s7d9.scene7.com/is/image/SAQ/13910097_is?$saq-rech-prod-gril$', '750 ml', 2),
(757, 'Artadi El Carretil 2015', NULL, '13214382', 'Espagne', NULL, 253, 'https://www.saq.com/page/fr/saqcom/vin-rouge/artadi-el-carretil-2015/13214382', '//s7d9.scene7.com/is/image/SAQ/13214382_is?$saq-rech-prod-gril$', '750 ml', 1),
(758, 'Artadi La Morera de San Lazaro 2016', NULL, '13551397', 'Espagne', NULL, 137.25, 'https://www.saq.com/page/fr/saqcom/vin-rouge/artadi-la-morera-de-san-lazaro-2016/13551397', '//s7d9.scene7.com/is/image/SAQ/13551397_is?$saq-rech-prod-gril$', '750 ml', 1),
(759, 'Artazuri Garnacha 2017', NULL, '10902841', 'Espagne', NULL, 16, 'https://www.saq.com/page/fr/saqcom/vin-rouge/artazuri-garnacha-2017/10902841', '//s7d9.scene7.com/is/image/SAQ/10902841_is?$saq-rech-prod-gril$', '750 ml', 1),
(760, 'Artesa Los Carneros Chardonnay 2016', NULL, '13920738', 'États-Unis', NULL, 33.25, 'https://www.saq.com/page/fr/saqcom/vin-blanc/artesa-los-carneros-chardonnay-2016/13920738', '//s7d9.scene7.com/is/image/SAQ/13920738_is?$saq-rech-prod-gril$', '750 ml', 2),
(761, 'Artesa Pinot Noir Carneros 2015', NULL, '13920711', 'États-Unis', NULL, 36.25, 'https://www.saq.com/page/fr/saqcom/vin-rouge/artesa-pinot-noir-carneros-2015/13920711', '//s7d9.scene7.com/is/image/SAQ/13920711_is?$saq-rech-prod-gril$', '750 ml', 1),
(762, 'Assuli Besi Terre Siciliane 2015', NULL, '13942347', 'Italie', NULL, 36.25, 'https://www.saq.com/page/fr/saqcom/vin-rouge/assuli-besi-terre-siciliane-2015/13942347', '//s7d9.scene7.com/is/image/SAQ/13942347_is?$saq-rech-prod-gril$', '750 ml', 1),
(763, 'Astica Sauvignon Blanc', NULL, '10394533', 'Argentine', NULL, 8.6, 'https://www.saq.com/page/fr/saqcom/vin-blanc/astica-sauvignon-blanc/10394533', '//s7d9.scene7.com/is/image/SAQ/10394533_is?$saq-rech-prod-gril$', '750 ml', 2),
(764, 'Astorre Noti Chianti Riserva 2014', NULL, '13870179', 'Italie, 1', NULL, 35, 'https://www.saq.com/page/fr/saqcom/vin-rouge/astorre-noti-chianti-riserva-2014/13870179', '//s7d9.scene7.com/is/image/SAQ/13870179_is?$saq-rech-prod-gril$', '', 1),
(765, 'Astronauta Arinto Vinho Verde 2018', NULL, '13491161', 'Portugal', NULL, 17.85, 'https://www.saq.com/page/fr/saqcom/vin-blanc/astronauta-arinto-vinho-verde-2018/13491161', '//s7d9.scene7.com/is/image/SAQ/13491161_is?$saq-rech-prod-gril$', '750 ml', 2),
(766, 'Attems Pinot Grigio 2017', NULL, '11472409', 'Italie', NULL, 18.85, 'https://www.saq.com/page/fr/saqcom/vin-blanc/attems-pinot-grigio-2017/11472409', '//s7d9.scene7.com/is/image/SAQ/11472409_is?$saq-rech-prod-gril$', '750 ml', 2),
(767, 'Au Contraire Chardonnay Russian Valley 2016', NULL, '13917758', 'États-Unis', NULL, 29.75, 'https://www.saq.com/page/fr/saqcom/vin-blanc/au-contraire-chardonnay-russian-valley-2016/13917758', '//s7d9.scene7.com/is/image/SAQ/13917758_is?$saq-rech-prod-gril$', '750 ml', 2),
(768, 'Austin Hope Troublemaker 2018', NULL, '11509582', 'États-Unis', NULL, 23.5, 'https://www.saq.com/page/fr/saqcom/vin-rouge/austin-hope-troublemaker-2018/11509582', '//s7d9.scene7.com/is/image/SAQ/11509582_is?$saq-rech-prod-gril$', '750 ml', 1),
(769, 'Avalon Cabernet Sauvignon 2016', NULL, '13915357', 'États-Unis', NULL, 17.65, 'https://www.saq.com/page/fr/saqcom/vin-rouge/avalon-cabernet-sauvignon-2016/13915357', '//s7d9.scene7.com/is/image/SAQ/13915357_is?$saq-rech-prod-gril$', '750 ml', 1),
(770, 'Avantgarde Riesling Trocken Moselland 2017', NULL, '00865626', 'Allemagne', NULL, 18.95, 'https://www.saq.com/page/fr/saqcom/vin-blanc/avantgarde-riesling-trocken-moselland-2017/865626', '//s7d9.scene7.com/is/image/SAQ/00865626_is?$saq-rech-prod-gril$', '750 ml', 2),
(771, 'Aveleda', NULL, '00005322', 'Portugal', NULL, 10.9, 'https://www.saq.com/page/fr/saqcom/vin-blanc/aveleda/5322', '//s7d9.scene7.com/is/image/SAQ/00005322_is?$saq-rech-prod-gril$', '750 ml', 2),
(772, 'Aveleda Quinta Vale D Maria Rufo Dour... 2016', NULL, '13882524', 'Portugal', NULL, 17.55, 'https://www.saq.com/page/fr/saqcom/vin-rouge/aveleda-quinta-vale-d-maria-rufo-douro-red-2016/13882524', '//s7d9.scene7.com/is/image/SAQ/13882524_is?$saq-rech-prod-gril$', '750 ml', 1),
(773, 'Azelia Langhe Nebbiolo 2016', NULL, '13486071', 'Italie', NULL, 27, 'https://www.saq.com/page/fr/saqcom/vin-rouge/azelia-langhe-nebbiolo-2016/13486071', '//s7d9.scene7.com/is/image/SAQ/13486071_is?$saq-rech-prod-gril$', '750 ml', 1),
(774, 'Bacalhoa Catarina 2018', NULL, '11518761', 'Portugal', NULL, 13.3, 'https://www.saq.com/page/fr/saqcom/vin-blanc/bacalhoa-catarina-2018/11518761', '//s7d9.scene7.com/is/image/SAQ/11518761_is?$saq-rech-prod-gril$', '750 ml', 2),
(775, 'Badet Clément Abbots & Delaunay Langu... 2017', NULL, '13943286', 'France', NULL, 19, 'https://www.saq.com/page/fr/saqcom/vin-rouge/badet-clement-abbots--delaunay-languedoc-carignan-vieilles-vignes-a-tire-daile-2017/13943286', '//s7d9.scene7.com/is/image/SAQ/13943286_is?$saq-rech-prod-gril$', '750 ml', 1),
(776, 'Baglio di Pianetto Shymer Terre Sicil... 2013', NULL, '13478661', 'Italie', NULL, 20.5, 'https://www.saq.com/page/fr/saqcom/vin-rouge/baglio-di-pianetto-shymer-terre-sicilianne-igt-2013/13478661', '//s7d9.scene7.com/is/image/SAQ/13478661_is?$saq-rech-prod-gril$', '750 ml', 1),
(777, 'Bailly-Lapierre Saint-Bris 2017', NULL, '10870211', 'France', NULL, 19.35, 'https://www.saq.com/page/fr/saqcom/vin-blanc/bailly-lapierre-saint-bris-2017/10870211', '//s7d9.scene7.com/is/image/SAQ/10870211_is?$saq-rech-prod-gril$', '750 ml', 2),
(778, 'Banfi Centine 2016', NULL, '00908285', 'Italie', NULL, 15.95, 'https://www.saq.com/page/fr/saqcom/vin-rouge/banfi-centine-2016/908285', '//s7d9.scene7.com/is/image/SAQ/00908285_is?$saq-rech-prod-gril$', '750 ml', 1),
(779, 'Banfi Fumaio 2017', NULL, '00854562', 'Italie', NULL, 15.6, 'https://www.saq.com/page/fr/saqcom/vin-blanc/banfi-fumaio-2017/854562', '//s7d9.scene7.com/is/image/SAQ/00854562_is?$saq-rech-prod-gril$', '750 ml', 2),
(780, 'Banfi Poggio alle Mura Reserva 2012', NULL, '13355388', 'Italie', NULL, 116, 'https://www.saq.com/page/fr/saqcom/vin-rouge/banfi-poggio-alle-mura-reserva-2012/13355388', '//s7d9.scene7.com/is/image/SAQ/13355388_is?$saq-rech-prod-gril$', '750 ml', 1),
(781, 'Banfi Summus 2015', NULL, '13589918', 'Italie', NULL, 64.75, 'https://www.saq.com/page/fr/saqcom/vin-rouge/banfi-summus-2015/13589918', '//s7d9.scene7.com/is/image/SAQ/13589918_is?$saq-rech-prod-gril$', '750 ml', 1),
(782, 'Barale Fratelli Barolo Bussia 2013', NULL, '13500266', 'Italie', NULL, 89.75, 'https://www.saq.com/page/fr/saqcom/vin-rouge/barale-fratelli-barolo-bussia-2013/13500266', '//s7d9.scene7.com/is/image/SAQ/13500266_is?$saq-rech-prod-gril$', '750 ml', 1),
(783, 'Barale Fratelli Barolo Bussia Riserva 2010', NULL, '13968141', 'Italie, 1', NULL, 275.5, 'https://www.saq.com/page/fr/saqcom/vin-rouge/barale-fratelli-barolo-bussia-riserva-2010/13968141', '//s7d9.scene7.com/is/image/SAQ/13968141_is?$saq-rech-prod-gril$', '', 1),
(784, 'Barale Fratelli Cannubi Barolo Riserva 2012', NULL, '13944166', 'Italie', NULL, 98, 'https://www.saq.com/page/fr/saqcom/vin-rouge/barale-fratelli-cannubi-barolo-riserva-2012/13944166', '//s7d9.scene7.com/is/image/SAQ/13944166_is?$saq-rech-prod-gril$', '750 ml', 1),
(785, 'Barco Negro Douro 2015', NULL, '10841188', 'Portugal', NULL, 14.7, 'https://www.saq.com/page/fr/saqcom/vin-rouge/barco-negro-douro-2015/10841188', '//s7d9.scene7.com/is/image/SAQ/10841188_is?$saq-rech-prod-gril$', '750 ml', 1),
(786, 'Barefoot Moscato', NULL, '11689131', 'États-Unis', NULL, 10.25, 'https://www.saq.com/page/fr/saqcom/vin-blanc/barefoot-moscato/11689131', '//s7d9.scene7.com/is/image/SAQ/11689131_is?$saq-rech-prod-gril$', '750 ml', 2),
(787, 'Barefoot Pinot Grigio', NULL, '10915010', 'États-Unis', NULL, 10.25, 'https://www.saq.com/page/fr/saqcom/vin-blanc/barefoot-pinot-grigio/10915010', '//s7d9.scene7.com/is/image/SAQ/10915010_is?$saq-rech-prod-gril$', '750 ml', 2),
(788, 'Barefoot Shiraz', NULL, '10915036', 'États-Unis', NULL, 10.25, 'https://www.saq.com/page/fr/saqcom/vin-rouge/barefoot-shiraz/10915036', '//s7d9.scene7.com/is/image/SAQ/10915036_is?$saq-rech-prod-gril$', '750 ml', 1),
(789, 'Barefoot Zinfandel Californie', NULL, '11133175', 'États-Unis', NULL, 10.25, 'https://www.saq.com/page/fr/saqcom/vin-rouge/barefoot-zinfandel-californie/11133175', '//s7d9.scene7.com/is/image/SAQ/11133175_is?$saq-rech-prod-gril$', '750 ml', 1),
(790, 'Barnard Griffin Syrah 2016', NULL, '13898315', 'États-Unis', NULL, 25.35, 'https://www.saq.com/page/fr/saqcom/vin-rouge/barnard-griffin-syrah-2016/13898315', '//s7d9.scene7.com/is/image/SAQ/13898315_is?$saq-rech-prod-gril$', '750 ml', 1),
(791, 'Baron de Ley Reserva 2014', NULL, '13760631', 'Espagne, 1', NULL, 44.25, 'https://www.saq.com/page/fr/saqcom/vin-rouge/baron-de-ley-reserva-2014/13760631', '//s7d9.scene7.com/is/image/SAQ/13760631_is?$saq-rech-prod-gril$', '', 1),
(792, 'Baron des Galets 2014', NULL, '13098481', 'France', NULL, 41, 'https://www.saq.com/page/fr/saqcom/vin-rouge/baron-des-galets-2014/13098481', '//s7d9.scene7.com/is/image/SAQ/13098481_is?$saq-rech-prod-gril$', '750 ml', 1),
(793, 'Baron du Pin', NULL, '12997709', 'France', NULL, 13.15, 'https://www.saq.com/page/fr/saqcom/vin-rouge/baron-du-pin/12997709', '//s7d9.scene7.com/is/image/SAQ/12997709_is?$saq-rech-prod-gril$', '750 ml', 1),
(794, 'Baron Herzog Cabernet-Sauvignon 2016', NULL, '11092377', 'États-Unis', NULL, 19.15, 'https://www.saq.com/page/fr/saqcom/vin-rouge/baron-herzog-cabernet-sauvignon-2016/11092377', '//s7d9.scene7.com/is/image/SAQ/11092377_is?$saq-rech-prod-gril$', '750 ml', 1),
(795, 'Baron Herzog Chardonnay 2018', NULL, '10348342', 'États-Unis', NULL, 18.55, 'https://www.saq.com/page/fr/saqcom/vin-blanc/baron-herzog-chardonnay-2018/10348342', '//s7d9.scene7.com/is/image/SAQ/10348342_is?$saq-rech-prod-gril$', '750 ml', 2),
(796, 'Baron Herzog Chenin Blanc 2017', NULL, '10348369', 'États-Unis', NULL, 13.65, 'https://www.saq.com/page/fr/saqcom/vin-blanc/baron-herzog-chenin-blanc-2017/10348369', '//s7d9.scene7.com/is/image/SAQ/10348369_is?$saq-rech-prod-gril$', '750 ml', 2),
(797, 'Baron Herzog Pinot Grigio 2017', NULL, '13112546', 'États-Unis', NULL, 19.65, 'https://www.saq.com/page/fr/saqcom/vin-blanc/baron-herzog-pinot-grigio-2017/13112546', '//s7d9.scene7.com/is/image/SAQ/13112546_is?$saq-rech-prod-gril$', '750 ml', 2),
(798, 'Baron Herzog White Zinfandel 2016', NULL, '10348334', 'États-Unis', NULL, 13.2, 'https://www.saq.com/page/fr/saqcom/vin-rose/baron-herzog-white-zinfandel-2016/10348334', '//s7d9.scene7.com/is/image/SAQ/10348334_is?$saq-rech-prod-gril$', '750 ml', 3),
(799, 'Baron Philippe de Rothschild Agneau S...', NULL, '13730871', 'France', NULL, 15, 'https://www.saq.com/page/fr/saqcom/vin-rouge/baron-philippe-de-rothschild-agneau-selection-bordeaux/13730871', '//s7d9.scene7.com/is/image/SAQ/13730871_is?$saq-rech-prod-gril$', '750 ml', 1),
(800, 'Baron Philippe de Rothschild Baron He... 2015', NULL, '13861926', 'France', NULL, 23, 'https://www.saq.com/page/fr/saqcom/vin-rouge/baron-philippe-de-rothschild-baron-henri-medoc-2015/13861926', '//s7d9.scene7.com/is/image/SAQ/13861926_is?$saq-rech-prod-gril$', '750 ml', 1),
(801, 'Baron Philippe de Rothschild Chardonnay', NULL, '00407528', 'France', NULL, 12.7, 'https://www.saq.com/page/fr/saqcom/vin-blanc/baron-philippe-de-rothschild-chardonnay/407528', '//s7d9.scene7.com/is/image/SAQ/00407528_is?$saq-rech-prod-gril$', '750 ml', 2),
(802, 'Baron Philippe de Rothschild Merlot', NULL, '00407544', 'France', NULL, 12.8, 'https://www.saq.com/page/fr/saqcom/vin-rouge/baron-philippe-de-rothschild-merlot/407544', '//s7d9.scene7.com/is/image/SAQ/00407544_is?$saq-rech-prod-gril$', '750 ml', 1),
(803, 'Baron Philippe de Rothschild Pinot Noir', NULL, '10915247', 'France', NULL, 13.05, 'https://www.saq.com/page/fr/saqcom/vin-rouge/baron-philippe-de-rothschild-pinot-noir/10915247', '//s7d9.scene7.com/is/image/SAQ/10915247_is?$saq-rech-prod-gril$', '750 ml', 1),
(804, 'Barone Ricasoli Chianti DOCG', NULL, '13188858', 'Italie', NULL, 15.7, 'https://www.saq.com/page/fr/saqcom/vin-rouge/barone-ricasoli-chianti-docg/13188858', '//s7d9.scene7.com/is/image/SAQ/13188858_is?$saq-rech-prod-gril$', '750 ml', 1),
(805, 'Baronia del Montsant Flor d\'Englora G... 2017', NULL, '12825051', 'Espagne', NULL, 20.6, 'https://www.saq.com/page/fr/saqcom/vin-blanc/baronia-del-montsant-flor-denglora-garnatxa-2017/12825051', '//s7d9.scene7.com/is/image/SAQ/12825051_is?$saq-rech-prod-gril$', '750 ml', 2),
(806, 'Basa Rueda 2018', NULL, '10264018', 'Espagne', NULL, 17.1, 'https://www.saq.com/page/fr/saqcom/vin-blanc/basa-rueda-2018/10264018', '//s7d9.scene7.com/is/image/SAQ/10264018_is?$saq-rech-prod-gril$', '750 ml', 2),
(807, 'Beaujolais Art\'s', NULL, '13189041', 'France', NULL, 13.75, 'https://www.saq.com/page/fr/saqcom/vin-rouge/beaujolais-arts/13189041', '//s7d9.scene7.com/is/image/SAQ/13189041_is?$saq-rech-prod-gril$', '750 ml', 1),
(808, 'Beaulieu Vineyard Coastal Estates Cab...', NULL, '13640120', 'États-Unis', NULL, 12.55, 'https://www.saq.com/page/fr/saqcom/vin-rouge/beaulieu-vineyard-coastal-estates-cabernet-sauvignon/13640120', '//s7d9.scene7.com/is/image/SAQ/13640120_is?$saq-rech-prod-gril$', '750 ml', 1),
(809, 'Benanti Etna Rosso 2016', NULL, '13507716', 'Italie', NULL, 31, 'https://www.saq.com/page/fr/saqcom/vin-rouge/benanti-etna-rosso-2016/13507716', '//s7d9.scene7.com/is/image/SAQ/13507716_is?$saq-rech-prod-gril$', '750 ml', 1),
(810, 'Benanti Nerello Cappuccio 2016', NULL, '13317576', 'Italie', NULL, 43.75, 'https://www.saq.com/page/fr/saqcom/vin-rouge/benanti-nerello-cappuccio-2016/13317576', '//s7d9.scene7.com/is/image/SAQ/13317576_is?$saq-rech-prod-gril$', '750 ml', 1),
(811, 'Beni di Batasiolo Barolo 2015', NULL, '10856777', 'Italie', NULL, 29.85, 'https://www.saq.com/page/fr/saqcom/vin-rouge/beni-di-batasiolo-barolo-2015/10856777', '//s7d9.scene7.com/is/image/SAQ/10856777_is?$saq-rech-prod-gril$', '750 ml', 1),
(812, 'Beni di Batasiolo Langhe 2016', NULL, '00611251', 'Italie', NULL, 16.4, 'https://www.saq.com/page/fr/saqcom/vin-rouge/beni-di-batasiolo-langhe-2016/611251', '//s7d9.scene7.com/is/image/SAQ/00611251_is?$saq-rech-prod-gril$', '750 ml', 1),
(813, 'Benjamin Brunel Rasteau', NULL, '00123778', 'France', NULL, 19.8, 'https://www.saq.com/page/fr/saqcom/vin-rouge/benjamin-brunel-rasteau/123778', '//s7d9.scene7.com/is/image/SAQ/00123778_is?$saq-rech-prod-gril$', '750 ml', 1),
(814, 'Benjamin Et David Duclaux La Germine 2015', NULL, '11658959', 'France', NULL, 73, 'https://www.saq.com/page/fr/saqcom/vin-rouge/benjamin-et-david-duclaux-la-germine-2015/11658959', '//s7d9.scene7.com/is/image/SAQ/11658959_is?$saq-rech-prod-gril$', '750 ml', 1),
(815, 'Benjamin Laroche La Manufacture Chabl... 2016', NULL, '13133241', 'France', NULL, 47.25, 'https://www.saq.com/page/fr/saqcom/vin-blanc/benjamin-laroche-la-manufacture-chablis-1er-cru-les-forets-vieilles-vignes-2016/13133241', '//s7d9.scene7.com/is/image/SAQ/13133241_is?$saq-rech-prod-gril$', '750 ml', 2),
(816, 'Benjamin Laroche La Manufacture Chabl... 2015', NULL, '13571566', 'France', NULL, 100.75, 'https://www.saq.com/page/fr/saqcom/vin-blanc/benjamin-laroche-la-manufacture-chablis-grand-cru-les-blanchots-2015/13571566', '//s7d9.scene7.com/is/image/SAQ/13571566_is?$saq-rech-prod-gril$', '750 ml', 2),
(817, 'Benziger Carneros Chardonnay 2015', NULL, '13647111', 'États-Unis', NULL, 20.15, 'https://www.saq.com/page/fr/saqcom/vin-blanc/benziger-carneros-chardonnay-2015/13647111', '//s7d9.scene7.com/is/image/SAQ/13647111_is?$saq-rech-prod-gril$', '750 ml', 2),
(818, 'Berardenga Felsina Chianti Classico 2016', NULL, '00898122', 'Italie', NULL, 31, 'https://www.saq.com/page/fr/saqcom/vin-rouge/berardenga-felsina-chianti-classico-2016/898122', '//s7d9.scene7.com/is/image/SAQ/00898122_is?$saq-rech-prod-gril$', '750 ml', 1),
(819, 'Beringer Founders\' Estate Pinot Noir', NULL, '00903245', 'États-Unis', NULL, 18.95, 'https://www.saq.com/page/fr/saqcom/vin-rouge/beringer-founders-estate-pinot-noir/903245', '//s7d9.scene7.com/is/image/SAQ/00903245_is?$saq-rech-prod-gril$', '750 ml', 1),
(820, 'Beringer Knights Valley Cabernet-Sauv... 2016', NULL, '00352583', 'États-Unis', NULL, 37.6, 'https://www.saq.com/page/fr/saqcom/vin-rouge/beringer-knights-valley-cabernet-sauvignon-2016/352583', '//s7d9.scene7.com/is/image/SAQ/00352583_is?$saq-rech-prod-gril$', '750 ml', 1),
(821, 'Beringer Main & Vine Cabernet-Sauvignon', NULL, '11133132', 'États-Unis', NULL, 10.95, 'https://www.saq.com/page/fr/saqcom/vin-rouge/beringer-main--vine-cabernet-sauvignon/11133132', '//s7d9.scene7.com/is/image/SAQ/11133132_is?$saq-rech-prod-gril$', '750 ml', 1),
(822, 'Beringer Main & Vine Pinot Grigio', NULL, '11133124', 'États-Unis', NULL, 10.95, 'https://www.saq.com/page/fr/saqcom/vin-blanc/beringer-main--vine-pinot-grigio/11133124', '//s7d9.scene7.com/is/image/SAQ/11133124_is?$saq-rech-prod-gril$', '750 ml', 2),
(823, 'Beringer Main & Vine White Zinfandel', NULL, '10845808', 'États-Unis', NULL, 10.95, 'https://www.saq.com/page/fr/saqcom/vin-rose/beringer-main--vine-white-zinfandel/10845808', '//s7d9.scene7.com/is/image/SAQ/10845808_is?$saq-rech-prod-gril$', '750 ml', 3),
(824, 'Bernard Magrez Paciencia Toro 2015', NULL, '12979017', 'Espagne', NULL, 25.5, 'https://www.saq.com/page/fr/saqcom/vin-rouge/bernard-magrez-paciencia-toro-2015/12979017', '//s7d9.scene7.com/is/image/SAQ/12979017_is?$saq-rech-prod-gril$', '750 ml', 1);
INSERT INTO `vino__bouteille__saq` (`id_bouteille_saq`, `nom`, `image`, `code_saq`, `pays`, `description`, `prix_saq`, `url_saq`, `url_img`, `format`, `type`) VALUES
(825, 'Beronia reserva, rioja 2014', NULL, '11667231', 'Espagne', NULL, 20.75, 'https://www.saq.com/page/fr/saqcom/vin-rouge/beronia-reserva-rioja-2014/11667231', '//s7d9.scene7.com/is/image/SAQ/11667231_is?$saq-rech-prod-gril$', '750 ml', 1),
(826, 'Beronia Rueda 2017', NULL, '13546037', 'Espagne', NULL, 15.95, 'https://www.saq.com/page/fr/saqcom/vin-blanc/beronia-rueda-2017/13546037', '//s7d9.scene7.com/is/image/SAQ/13546037_is?$saq-rech-prod-gril$', '750 ml', 2),
(827, 'Beronia Tempranillo', NULL, '13188831', 'Espagne', NULL, NULL, 'https://www.saq.com/page/fr/saqcom/vin-rouge/beronia-tempranillo/13188831', '//s7d9.scene7.com/is/image/SAQ/13188831_is?$saq-rech-prod-gril$', '750 ml', 1);

-- --------------------------------------------------------

--
-- Structure de la table `vino__cellier`
--

CREATE TABLE `vino__cellier` (
  `id_cellier` int(11) NOT NULL,
  `image` varchar(200) DEFAULT NULL,
  `nom` varchar(200) NOT NULL,
  `id_usager_cellier` int(11) NOT NULL
) ENGINE=InnoDB DEFAULT CHARSET=utf8;

--
-- Déchargement des données de la table `vino__cellier`
--

INSERT INTO `vino__cellier` (`id_cellier`, `image`, `nom`, `id_usager_cellier`) VALUES
(6, NULL, 'Cellier.class julien 1', 2),
(7, NULL, 'Cellier.class julien 2', 2),
(15, NULL, 'as', 7),
(16, NULL, 'asdasdasd', 4);

-- --------------------------------------------------------

--
-- Structure de la table `vino__type`
--

CREATE TABLE `vino__type` (
  `id_type` int(11) NOT NULL,
  `type` varchar(20) NOT NULL
) ENGINE=InnoDB DEFAULT CHARSET=utf8;

--
-- Déchargement des données de la table `vino__type`
--

INSERT INTO `vino__type` (`id_type`, `type`) VALUES
(0, 'Cocktail au vin'),
(1, 'Vin rouge'),
(2, 'Vin blanc'),
(3, 'Vin rosé');

-- --------------------------------------------------------

--
-- Structure de la table `vino__usager`
--

CREATE TABLE `vino__usager` (
  `id_usager` int(11) NOT NULL,
  `nom` varchar(55) NOT NULL,
  `prenom` varchar(55) NOT NULL,
  `mail` varchar(55) NOT NULL,
  `mdp` varchar(255) NOT NULL,
  `admin` tinyint(1) DEFAULT '0',
  `pseudo` varchar(55) NOT NULL
) ENGINE=InnoDB DEFAULT CHARSET=utf8;

--
-- Déchargement des données de la table `vino__usager`
--

INSERT INTO `vino__usager` (`id_usager`, `nom`, `prenom`, `mail`, `mdp`, `admin`, `pseudo`) VALUES
(2, 'Julien', 'Granero', 'julien@test.com', '1234', 1, 'julien'),
(4, 'Chouinard', 'Yves', 'yves.chouinard@gmail.com', '$2y$10$tBVRQvbLzKmBa7rYdudR1uNu5QxbSnsZ/c0kxAlfYyE8dn83jdCyS', 1, 'master'),
(7, 'Chouinard', 'Yves', 'chouing@hotmail.com', '$2y$10$y9i6bvDsUq0mpvDK1Ony.O2X94x11zvsTEs2J6foOQ.Sqceqe5D0m', 0, 'chouing');

--
-- Index pour les tables déchargées
--

--
-- Index pour la table `vino__bouteille`
--
ALTER TABLE `vino__bouteille`
  ADD PRIMARY KEY (`id_bouteille`),
  ADD KEY `type` (`type`),
  ADD KEY `vino__bouteille_ibfk_2` (`id_cellier`);

--
-- Index pour la table `vino__bouteille__saq`
--
ALTER TABLE `vino__bouteille__saq`
  ADD PRIMARY KEY (`id_bouteille_saq`),
  ADD KEY `type` (`type`);

--
-- Index pour la table `vino__cellier`
--
ALTER TABLE `vino__cellier`
  ADD PRIMARY KEY (`id_cellier`),
  ADD KEY `id_usager_cellier` (`id_usager_cellier`);

--
-- Index pour la table `vino__type`
--
ALTER TABLE `vino__type`
  ADD PRIMARY KEY (`id_type`);

--
-- Index pour la table `vino__usager`
--
ALTER TABLE `vino__usager`
  ADD PRIMARY KEY (`id_usager`),
  ADD UNIQUE KEY `pseudo` (`pseudo`);

--
-- AUTO_INCREMENT pour les tables déchargées
--

--
-- AUTO_INCREMENT pour la table `vino__bouteille`
--
ALTER TABLE `vino__type`
  MODIFY `id_type` int(11) NOT NULL AUTO_INCREMENT, AUTO_INCREMENT=7;
  
ALTER TABLE `vino__bouteille`
  MODIFY `id_bouteille` int(11) NOT NULL AUTO_INCREMENT, AUTO_INCREMENT=13;

--
-- AUTO_INCREMENT pour la table `vino__bouteille__saq`
--
ALTER TABLE `vino__bouteille__saq`
  MODIFY `id_bouteille_saq` int(11) NOT NULL AUTO_INCREMENT, AUTO_INCREMENT=828;

--
-- AUTO_INCREMENT pour la table `vino__cellier`
--
ALTER TABLE `vino__cellier`
  MODIFY `id_cellier` int(11) NOT NULL AUTO_INCREMENT, AUTO_INCREMENT=17;

--
-- AUTO_INCREMENT pour la table `vino__usager`
--
ALTER TABLE `vino__usager`
  MODIFY `id_usager` int(11) NOT NULL AUTO_INCREMENT, AUTO_INCREMENT=8;

--
-- Contraintes pour les tables déchargées
--

--
-- Contraintes pour la table `vino__bouteille`
--
ALTER TABLE `vino__bouteille`
  ADD CONSTRAINT `vino__bouteille_ibfk_1` FOREIGN KEY (`type`) REFERENCES `vino__type` (`id_type`),
  ADD CONSTRAINT `vino__bouteille_ibfk_2` FOREIGN KEY (`id_cellier`) REFERENCES `vino__cellier` (`id_cellier`) ON DELETE CASCADE;

--
-- Contraintes pour la table `vino__bouteille__saq`
--
ALTER TABLE `vino__bouteille__saq`
  ADD CONSTRAINT `vino__bouteille__saq_ibfk_1` FOREIGN KEY (`type`) REFERENCES `vino__type` (`id_type`);

--
-- Contraintes pour la table `vino__cellier`
--
ALTER TABLE `vino__cellier`
  ADD CONSTRAINT `vino__cellier_ibfk_1` FOREIGN KEY (`id_usager_cellier`) REFERENCES `vino__usager` (`id_usager`) ON DELETE CASCADE;
